<configjarSettings xmlns="http://www.bea.com/alsb/tools/configjar/config">
        <source>
                <project dir="dirbuild/System" />
                <project dir="dirbuild/voucher" />
                <project dir="dirbuild/authZero" />
                <project dir="dirbuild/ranking" />
                <project dir="dirbuild/abastece" />
                <project dir="dirbuild/transacaoUrbano" />
                <project dir="dirbuild/contestacao" />
                <fileset></fileset>
        </source>
        <configjar jar="dirWorkspace/sbconfig.jar">
                <resourceLevel />
        </configjar>
</configjarSettings>