<configjarSettings xmlns="http://www.bea.com/alsb/tools/configjar/config">
        <source>
                <project dir="dirbuild/easySales" />
                <project dir="dirbuild/estoque" />
                <project dir="dirbuild/platcom" />
                <project dir="dirbuild/vendedor" />
                <project dir="dirbuild/logistica" />
                <project dir="dirbuild/Auth0" />
                <project dir="dirbuild/System" />
                <fileset></fileset>
        </source>
        <configjar jar="dirWorkspace/sbconfig.jar">
                <resourceLevel />
        </configjar>
</configjarSettings>