<configjarSettings xmlns="http://www.bea.com/alsb/tools/configjar/config">
    <source>
        <project dir="dirbuild/GrupoSTPServices" />
        <project dir="dirbuild/IntegracaoCPQD" />
        <project dir="dirbuild/Servicos Comuns" />
        <project dir="dirbuild/StpModel" />
        <project dir="dirbuild/StpOnlineNPA" />
        <project dir="dirbuild/StpServiceJMS" />
        <project dir="dirbuild/System" />
        <fileset></fileset>
    </source>
    <configjar jar="dirWorkspace/sbconfig.jar">
        <resourceLevel />
    </configjar>
</configjarSettings>